HWs,CPU,Mem,Netz
HW 1,50,50000,5000
HW 2,50,50000,5000
HW 3,50,50000,5000
HW 4,50,50000,5000
HW 5,50,50000,5000
HW 6,50,50000,5000
HW 7,50,50000,5000
HW 8,50,50000,5000
HW 9,50,50000,5000
HW 10,50,50000,5000
HW 11,50,50000,5000
HW 12,50,50000,5000
HW 13,50,50000,5000
HW 14,50,50000,5000
HW 15,50,50000,5000
HW 16,50,50000,5000
HW 17,50,50000,5000
HW 18,50,50000,5000
HW 19,50,50000,5000
HW 20,50,50000,5000
HW 21,50,50000,5000
HW 22,50,50000,5000
HW 23,50,50000,5000
HW 24,50,50000,5000
HW 25,50,50000,5000
HW 26,50,50000,5000
HW 27,50,50000,5000
HW 28,50,50000,5000
HW 29,50,50000,5000
HW 30,50,50000,5000
HW 31,50,50000,5000
HW 32,50,50000,5000
HW 33,50,50000,5000
HW 34,50,50000,5000
HW 35,50,50000,5000
HW 36,50,50000,5000
HW 37,50,50000,5000
HW 38,50,50000,5000
HW 39,50,50000,5000
HW 40,50,50000,5000
HW 41,50,50000,5000
HW 42,50,50000,5000
HW 43,50,50000,5000
HW 44,50,50000,5000
HW 45,50,50000,5000
HW 46,50,50000,5000
HW 47,50,50000,5000
HW 48,50,50000,5000
HW 49,50,50000,5000
HW 50,50,50000,5000
HW 51,50,50000,5000
HW 52,50,50000,5000
HW 53,50,50000,5000
HW 54,50,50000,5000
HW 55,50,50000,5000
HW 56,50,50000,5000
HW 57,50,50000,5000
HW 58,50,50000,5000
HW 59,50,50000,5000
HW 60,50,50000,5000
HW 61,50,50000,5000
HW 62,50,50000,5000
HW 63,50,50000,5000
HW 64,50,50000,5000
HW 65,50,50000,5000
HW 66,50,50000,5000
HW 67,50,50000,5000
HW 68,50,50000,5000
HW 69,50,50000,5000
HW 70,50,50000,5000
HW 71,50,50000,5000
HW 72,50,50000,5000
HW 73,50,50000,5000
HW 74,50,50000,5000
HW 75,50,50000,5000
HW 76,50,50000,5000
HW 77,50,50000,5000
HW 78,50,50000,5000
HW 79,50,50000,5000
HW 80,50,50000,5000
HW 81,50,50000,5000
HW 82,50,50000,5000
HW 83,50,50000,5000
HW 84,50,50000,5000
HW 85,50,50000,5000
HW 86,50,50000,5000
HW 87,50,50000,5000
HW 88,50,50000,5000
HW 89,50,50000,5000
HW 90,50,50000,5000
HW 91,50,50000,5000
HW 92,50,50000,5000
HW 93,50,50000,5000
HW 94,50,50000,5000
HW 95,50,50000,5000
HW 96,50,50000,5000
HW 97,50,50000,5000
HW 98,50,50000,5000
HW 99,50,50000,5000
HW 100,50,50000,5000
HW 101,50,50000,5000
HW 102,50,50000,5000
HW 103,50,50000,5000
HW 104,50,50000,5000
HW 105,50,50000,5000
HW 106,50,50000,5000
HW 107,50,50000,5000
HW 108,50,50000,5000
HW 109,50,50000,5000
HW 110,50,50000,5000
HW 111,50,50000,5000
HW 112,50,50000,5000
HW 113,50,50000,5000
HW 114,50,50000,5000
HW 115,50,50000,5000
HW 116,50,50000,5000
HW 117,50,50000,5000
HW 118,50,50000,5000
HW 119,50,50000,5000
HW 120,50,50000,5000
HW 121,50,50000,5000
HW 122,50,50000,5000
HW 123,50,50000,5000
HW 124,50,50000,5000
HW 125,50,50000,5000
HW 126,50,50000,5000
HW 127,50,50000,5000
HW 128,50,50000,5000
HW 129,50,50000,5000
HW 130,50,50000,5000
HW 131,50,50000,5000
HW 132,50,50000,5000
HW 133,50,50000,5000
HW 134,50,50000,5000
HW 135,50,50000,5000
HW 136,50,50000,5000
HW 137,50,50000,5000
HW 138,50,50000,5000
HW 139,50,50000,5000
HW 140,50,50000,5000
HW 141,50,50000,5000
HW 142,50,50000,5000
HW 143,50,50000,5000
HW 144,50,50000,5000
HW 145,50,50000,5000
HW 146,50,50000,5000
HW 147,50,50000,5000
HW 148,50,50000,5000
HW 149,50,50000,5000
HW 150,50,50000,5000
HW 151,50,50000,5000
HW 152,50,50000,5000
HW 153,50,50000,5000
HW 154,50,50000,5000
HW 155,50,50000,5000
HW 156,50,50000,5000
HW 157,50,50000,5000
HW 158,50,50000,5000
HW 159,50,50000,5000
HW 160,50,50000,5000
HW 161,50,50000,5000
HW 162,50,50000,5000
HW 163,50,50000,5000
HW 164,50,50000,5000
HW 165,50,50000,5000
HW 166,50,50000,5000
HW 167,50,50000,5000
HW 168,50,50000,5000
HW 169,50,50000,5000
HW 170,50,50000,5000
HW 171,50,50000,5000
HW 172,50,50000,5000
HW 173,50,50000,5000
HW 174,50,50000,5000
HW 175,50,50000,5000
HW 176,50,50000,5000
HW 177,50,50000,5000
HW 178,50,50000,5000
HW 179,50,50000,5000
HW 180,50,50000,5000
HW 181,50,50000,5000
HW 182,50,50000,5000
HW 183,50,50000,5000
HW 184,50,50000,5000
HW 185,50,50000,5000
HW 186,50,50000,5000
HW 187,50,50000,5000
HW 188,50,50000,5000
HW 189,50,50000,5000
HW 190,50,50000,5000
HW 191,50,50000,5000
HW 192,50,50000,5000
HW 193,50,50000,5000
HW 194,50,50000,5000
HW 195,50,50000,5000
HW 196,50,50000,5000
HW 197,50,50000,5000
HW 198,50,50000,5000
HW 199,50,50000,5000
HW 200,50,50000,5000
HW 201,50,50000,5000
HW 202,50,50000,5000
HW 203,50,50000,5000
HW 204,50,50000,5000
HW 205,50,50000,5000
HW 206,50,50000,5000
HW 207,50,50000,5000
HW 208,50,50000,5000
HW 209,50,50000,5000
HW 210,50,50000,5000
HW 211,50,50000,5000
HW 212,50,50000,5000
HW 213,50,50000,5000
HW 214,50,50000,5000
HW 215,50,50000,5000
HW 216,50,50000,5000
HW 217,50,50000,5000
HW 218,50,50000,5000
HW 219,50,50000,5000
HW 220,50,50000,5000
HW 221,50,50000,5000
HW 222,50,50000,5000
HW 223,50,50000,5000
HW 224,50,50000,5000
HW 225,50,50000,5000
HW 226,50,50000,5000
HW 227,50,50000,5000
HW 228,50,50000,5000
HW 229,50,50000,5000
HW 230,50,50000,5000
HW 231,50,50000,5000
HW 232,50,50000,5000
HW 233,50,50000,5000
HW 234,50,50000,5000
HW 235,50,50000,5000
HW 236,50,50000,5000
HW 237,50,50000,5000
HW 238,50,50000,5000
HW 239,50,50000,5000
HW 240,50,50000,5000
HW 241,50,50000,5000
HW 242,50,50000,5000
HW 243,50,50000,5000
HW 244,50,50000,5000
HW 245,50,50000,5000
HW 246,50,50000,5000
HW 247,50,50000,5000
HW 248,50,50000,5000
HW 249,50,50000,5000
HW 250,50,50000,5000
HW 251,50,50000,5000
HW 252,50,50000,5000
HW 253,50,50000,5000
HW 254,50,50000,5000
HW 255,50,50000,5000
HW 256,50,50000,5000
HW 257,50,50000,5000
HW 258,50,50000,5000
HW 259,50,50000,5000
HW 260,50,50000,5000
HW 261,50,50000,5000
HW 262,50,50000,5000
HW 263,50,50000,5000
HW 264,50,50000,5000
HW 265,50,50000,5000
HW 266,50,50000,5000
HW 267,50,50000,5000
HW 268,50,50000,5000
HW 269,50,50000,5000
HW 270,50,50000,5000
HW 271,50,50000,5000
HW 272,50,50000,5000
HW 273,50,50000,5000
HW 274,50,50000,5000
HW 275,50,50000,5000
HW 276,50,50000,5000
HW 277,50,50000,5000
HW 278,50,50000,5000
HW 279,50,50000,5000
HW 280,50,50000,5000
HW 281,50,50000,5000
HW 282,50,50000,5000
HW 283,50,50000,5000
HW 284,50,50000,5000
HW 285,50,50000,5000
HW 286,50,50000,5000
HW 287,50,50000,5000
HW 288,50,50000,5000
HW 289,50,50000,5000
HW 290,50,50000,5000
HW 291,50,50000,5000
HW 292,50,50000,5000
HW 293,50,50000,5000
HW 294,50,50000,5000
HW 295,50,50000,5000
HW 296,50,50000,5000
HW 297,50,50000,5000
HW 298,50,50000,5000
HW 299,50,50000,5000
HW 300,50,50000,5000
HW 301,50,50000,5000
HW 302,50,50000,5000
HW 303,50,50000,5000
HW 304,50,50000,5000
HW 305,50,50000,5000
HW 306,50,50000,5000
HW 307,50,50000,5000
HW 308,50,50000,5000
HW 309,50,50000,5000
HW 310,50,50000,5000
HW 311,50,50000,5000
HW 312,50,50000,5000
HW 313,50,50000,5000
HW 314,50,50000,5000
HW 315,50,50000,5000
HW 316,50,50000,5000
HW 317,50,50000,5000
HW 318,50,50000,5000
HW 319,50,50000,5000
HW 320,50,50000,5000
HW 321,50,50000,5000
HW 322,50,50000,5000
HW 323,50,50000,5000
HW 324,50,50000,5000
HW 325,50,50000,5000
HW 326,50,50000,5000
HW 327,50,50000,5000
HW 328,50,50000,5000
HW 329,50,50000,5000
HW 330,50,50000,5000
HW 331,50,50000,5000
HW 332,50,50000,5000
HW 333,50,50000,5000
HW 334,50,50000,5000
HW 335,50,50000,5000
HW 336,50,50000,5000
HW 337,50,50000,5000
HW 338,50,50000,5000
HW 339,50,50000,5000
HW 340,50,50000,5000
HW 341,50,50000,5000
HW 342,50,50000,5000
HW 343,50,50000,5000
HW 344,50,50000,5000
HW 345,50,50000,5000
HW 346,50,50000,5000
HW 347,50,50000,5000
HW 348,50,50000,5000
HW 349,50,50000,5000
HW 350,50,50000,5000
HW 351,50,50000,5000
HW 352,50,50000,5000
HW 353,50,50000,5000
HW 354,50,50000,5000
HW 355,50,50000,5000
HW 356,50,50000,5000
HW 357,50,50000,5000
HW 358,50,50000,5000
HW 359,50,50000,5000
HW 360,50,50000,5000
HW 361,50,50000,5000
HW 362,50,50000,5000
HW 363,50,50000,5000
HW 364,50,50000,5000
HW 365,50,50000,5000
HW 366,50,50000,5000
HW 367,50,50000,5000
HW 368,50,50000,5000
HW 369,50,50000,5000
HW 370,50,50000,5000
HW 371,50,50000,5000
HW 372,50,50000,5000
HW 373,50,50000,5000
HW 374,50,50000,5000
HW 375,50,50000,5000
HW 376,50,50000,5000
HW 377,50,50000,5000
HW 378,50,50000,5000
HW 379,50,50000,5000
HW 380,50,50000,5000
HW 381,50,50000,5000
HW 382,50,50000,5000
HW 383,50,50000,5000
HW 384,50,50000,5000
HW 385,50,50000,5000
HW 386,50,50000,5000
HW 387,50,50000,5000
HW 388,50,50000,5000
HW 389,50,50000,5000
HW 390,50,50000,5000
HW 391,50,50000,5000
HW 392,50,50000,5000
HW 393,50,50000,5000
HW 394,50,50000,5000
HW 395,50,50000,5000
HW 396,50,50000,5000
HW 397,50,50000,5000
HW 398,50,50000,5000
HW 399,50,50000,5000
HW 400,50,50000,5000
HW 401,50,50000,5000
HW 402,50,50000,5000
HW 403,50,50000,5000
HW 404,50,50000,5000
HW 405,50,50000,5000
HW 406,50,50000,5000
HW 407,50,50000,5000
HW 408,50,50000,5000
HW 409,50,50000,5000
HW 410,50,50000,5000
HW 411,50,50000,5000
HW 412,50,50000,5000
HW 413,50,50000,5000
HW 414,50,50000,5000
HW 415,50,50000,5000
HW 416,50,50000,5000
HW 417,50,50000,5000
HW 418,50,50000,5000
HW 419,50,50000,5000
HW 420,50,50000,5000
HW 421,50,50000,5000
HW 422,50,50000,5000
HW 423,50,50000,5000
HW 424,50,50000,5000
HW 425,50,50000,5000
HW 426,50,50000,5000
HW 427,50,50000,5000
HW 428,50,50000,5000
HW 429,50,50000,5000
HW 430,50,50000,5000
HW 431,50,50000,5000
HW 432,50,50000,5000
HW 433,50,50000,5000
HW 434,50,50000,5000
HW 435,50,50000,5000
HW 436,50,50000,5000
HW 437,50,50000,5000
HW 438,50,50000,5000
HW 439,50,50000,5000
HW 440,50,50000,5000
HW 441,50,50000,5000
HW 442,50,50000,5000
HW 443,50,50000,5000
HW 444,50,50000,5000
HW 445,50,50000,5000
HW 446,50,50000,5000
HW 447,50,50000,5000
HW 448,50,50000,5000
HW 449,50,50000,5000
HW 450,50,50000,5000
HW 451,50,50000,5000
HW 452,50,50000,5000
HW 453,50,50000,5000
HW 454,50,50000,5000
HW 455,50,50000,5000
HW 456,50,50000,5000
HW 457,50,50000,5000
HW 458,50,50000,5000
HW 459,50,50000,5000
HW 460,50,50000,5000
HW 461,50,50000,5000
HW 462,50,50000,5000
HW 463,50,50000,5000
HW 464,50,50000,5000
HW 465,50,50000,5000
HW 466,50,50000,5000
HW 467,50,50000,5000
HW 468,50,50000,5000
HW 469,50,50000,5000
HW 470,50,50000,5000
HW 471,50,50000,5000
HW 472,50,50000,5000
HW 473,50,50000,5000
HW 474,50,50000,5000
HW 475,50,50000,5000
HW 476,50,50000,5000
HW 477,50,50000,5000
HW 478,50,50000,5000
HW 479,50,50000,5000
HW 480,50,50000,5000
HW 481,50,50000,5000
HW 482,50,50000,5000
HW 483,50,50000,5000
HW 484,50,50000,5000
HW 485,50,50000,5000
HW 486,50,50000,5000
HW 487,50,50000,5000
HW 488,50,50000,5000
HW 489,50,50000,5000
HW 490,50,50000,5000
HW 491,50,50000,5000
HW 492,50,50000,5000
HW 493,50,50000,5000
HW 494,50,50000,5000
HW 495,50,50000,5000
HW 496,50,50000,5000
HW 497,50,50000,5000
HW 498,50,50000,5000
HW 499,50,50000,5000
HW 500,50,50000,5000
HW 501,50,50000,5000
HW 502,50,50000,5000
HW 503,50,50000,5000
HW 504,50,50000,5000
HW 505,50,50000,5000
HW 506,50,50000,5000
HW 507,50,50000,5000
HW 508,50,50000,5000
HW 509,50,50000,5000
HW 510,50,50000,5000
HW 511,50,50000,5000
HW 512,50,50000,5000
HW 513,50,50000,5000
HW 514,50,50000,5000
HW 515,50,50000,5000
HW 516,50,50000,5000
HW 517,50,50000,5000
HW 518,50,50000,5000
HW 519,50,50000,5000
HW 520,50,50000,5000
HW 521,50,50000,5000
HW 522,50,50000,5000
HW 523,50,50000,5000
HW 524,50,50000,5000
HW 525,50,50000,5000
HW 526,50,50000,5000
HW 527,50,50000,5000
HW 528,50,50000,5000
HW 529,50,50000,5000
HW 530,50,50000,5000
HW 531,50,50000,5000
HW 532,50,50000,5000
HW 533,50,50000,5000
HW 534,50,50000,5000
HW 535,50,50000,5000
HW 536,50,50000,5000
HW 537,50,50000,5000
HW 538,50,50000,5000
HW 539,50,50000,5000
HW 540,50,50000,5000
HW 541,50,50000,5000
HW 542,50,50000,5000
HW 543,50,50000,5000
HW 544,50,50000,5000
HW 545,50,50000,5000
HW 546,50,50000,5000
HW 547,50,50000,5000
HW 548,50,50000,5000
HW 549,50,50000,5000
HW 550,50,50000,5000
HW 551,50,50000,5000
HW 552,50,50000,5000
HW 553,50,50000,5000
HW 554,50,50000,5000
HW 555,50,50000,5000
HW 556,50,50000,5000
HW 557,50,50000,5000
HW 558,50,50000,5000
HW 559,50,50000,5000
HW 560,50,50000,5000
HW 561,50,50000,5000
HW 562,50,50000,5000
HW 563,50,50000,5000
HW 564,50,50000,5000
HW 565,50,50000,5000
HW 566,50,50000,5000
HW 567,50,50000,5000
HW 568,50,50000,5000
HW 569,50,50000,5000
HW 570,50,50000,5000
HW 571,50,50000,5000
HW 572,50,50000,5000
HW 573,50,50000,5000
HW 574,50,50000,5000
HW 575,50,50000,5000
HW 576,50,50000,5000
HW 577,50,50000,5000
HW 578,50,50000,5000
HW 579,50,50000,5000
HW 580,50,50000,5000
HW 581,50,50000,5000
HW 582,50,50000,5000
HW 583,50,50000,5000
HW 584,50,50000,5000
HW 585,50,50000,5000
HW 586,50,50000,5000
HW 587,50,50000,5000
HW 588,50,50000,5000
HW 589,50,50000,5000
HW 590,50,50000,5000
HW 591,50,50000,5000
HW 592,50,50000,5000
HW 593,50,50000,5000
HW 594,50,50000,5000
HW 595,50,50000,5000
HW 596,50,50000,5000
HW 597,50,50000,5000
HW 598,50,50000,5000
HW 599,50,50000,5000
HW 600,50,50000,5000
HW 601,50,50000,5000
HW 602,50,50000,5000
HW 603,50,50000,5000
HW 604,50,50000,5000
HW 605,50,50000,5000
HW 606,50,50000,5000
HW 607,50,50000,5000
HW 608,50,50000,5000
HW 609,50,50000,5000
HW 610,50,50000,5000
HW 611,50,50000,5000
HW 612,50,50000,5000
HW 613,50,50000,5000
HW 614,50,50000,5000
HW 615,50,50000,5000
HW 616,50,50000,5000
HW 617,50,50000,5000
HW 618,50,50000,5000
HW 619,50,50000,5000
HW 620,50,50000,5000
HW 621,50,50000,5000
HW 622,50,50000,5000
HW 623,50,50000,5000
HW 624,50,50000,5000
HW 625,50,50000,5000
HW 626,50,50000,5000
HW 627,50,50000,5000
HW 628,50,50000,5000
HW 629,50,50000,5000
HW 630,50,50000,5000
HW 631,50,50000,5000
HW 632,50,50000,5000
HW 633,50,50000,5000
HW 634,50,50000,5000
HW 635,50,50000,5000
HW 636,50,50000,5000
HW 637,50,50000,5000
HW 638,50,50000,5000
HW 639,50,50000,5000
HW 640,50,50000,5000
HW 641,50,50000,5000
HW 642,50,50000,5000
HW 643,50,50000,5000
HW 644,50,50000,5000
HW 645,50,50000,5000
HW 646,50,50000,5000
HW 647,50,50000,5000
HW 648,50,50000,5000
HW 649,50,50000,5000
HW 650,50,50000,5000
HW 651,50,50000,5000
HW 652,50,50000,5000
HW 653,50,50000,5000
HW 654,50,50000,5000
HW 655,50,50000,5000
HW 656,50,50000,5000
HW 657,50,50000,5000
HW 658,50,50000,5000
HW 659,50,50000,5000
HW 660,50,50000,5000
HW 661,50,50000,5000
HW 662,50,50000,5000
HW 663,50,50000,5000
HW 664,50,50000,5000
HW 665,50,50000,5000
HW 666,50,50000,5000
HW 667,50,50000,5000
HW 668,50,50000,5000
HW 669,50,50000,5000
HW 670,50,50000,5000
HW 671,50,50000,5000
HW 672,50,50000,5000
HW 673,50,50000,5000
HW 674,50,50000,5000
HW 675,50,50000,5000
HW 676,50,50000,5000
HW 677,50,50000,5000
HW 678,50,50000,5000
HW 679,50,50000,5000
HW 680,50,50000,5000
HW 681,50,50000,5000
HW 682,50,50000,5000
HW 683,50,50000,5000
HW 684,50,50000,5000
HW 685,50,50000,5000
HW 686,50,50000,5000
HW 687,50,50000,5000
HW 688,50,50000,5000
HW 689,50,50000,5000
HW 690,50,50000,5000
HW 691,50,50000,5000
HW 692,50,50000,5000
HW 693,50,50000,5000
HW 694,50,50000,5000
HW 695,50,50000,5000
HW 696,50,50000,5000
HW 697,50,50000,5000
HW 698,50,50000,5000
HW 699,50,50000,5000
HW 700,50,50000,5000
HW 701,50,50000,5000
HW 702,50,50000,5000
HW 703,50,50000,5000
HW 704,50,50000,5000
HW 705,50,50000,5000
HW 706,50,50000,5000
HW 707,50,50000,5000
HW 708,50,50000,5000
HW 709,50,50000,5000
HW 710,50,50000,5000
HW 711,50,50000,5000
HW 712,50,50000,5000
HW 713,50,50000,5000
HW 714,50,50000,5000
HW 715,50,50000,5000
HW 716,50,50000,5000
HW 717,50,50000,5000
HW 718,50,50000,5000
HW 719,50,50000,5000
HW 720,50,50000,5000
HW 721,50,50000,5000
HW 722,50,50000,5000
HW 723,50,50000,5000
HW 724,50,50000,5000
HW 725,50,50000,5000
HW 726,50,50000,5000
HW 727,50,50000,5000
HW 728,50,50000,5000
HW 729,50,50000,5000
HW 730,50,50000,5000
HW 731,50,50000,5000
HW 732,50,50000,5000
HW 733,50,50000,5000
HW 734,50,50000,5000
HW 735,50,50000,5000
HW 736,50,50000,5000
HW 737,50,50000,5000
HW 738,50,50000,5000
HW 739,50,50000,5000
HW 740,50,50000,5000
HW 741,50,50000,5000
HW 742,50,50000,5000
HW 743,50,50000,5000
HW 744,50,50000,5000
HW 745,50,50000,5000
HW 746,50,50000,5000
HW 747,50,50000,5000
HW 748,50,50000,5000
HW 749,50,50000,5000
HW 750,50,50000,5000
HW 751,50,50000,5000
HW 752,50,50000,5000
HW 753,50,50000,5000
HW 754,50,50000,5000
HW 755,50,50000,5000
HW 756,50,50000,5000
HW 757,50,50000,5000
HW 758,50,50000,5000
HW 759,50,50000,5000
HW 760,50,50000,5000
HW 761,50,50000,5000
HW 762,50,50000,5000
HW 763,50,50000,5000
HW 764,50,50000,5000
HW 765,50,50000,5000
HW 766,50,50000,5000
HW 767,50,50000,5000
HW 768,50,50000,5000
HW 769,50,50000,5000
HW 770,50,50000,5000
HW 771,50,50000,5000
HW 772,50,50000,5000
HW 773,50,50000,5000
HW 774,50,50000,5000
HW 775,50,50000,5000
HW 776,50,50000,5000
HW 777,50,50000,5000
HW 778,50,50000,5000
HW 779,50,50000,5000
HW 780,50,50000,5000
HW 781,50,50000,5000
HW 782,50,50000,5000
HW 783,50,50000,5000
HW 784,50,50000,5000
HW 785,50,50000,5000
HW 786,50,50000,5000
HW 787,50,50000,5000
HW 788,50,50000,5000
HW 789,50,50000,5000
HW 790,50,50000,5000
HW 791,50,50000,5000
HW 792,50,50000,5000
HW 793,50,50000,5000
HW 794,50,50000,5000
HW 795,50,50000,5000
HW 796,50,50000,5000
HW 797,50,50000,5000
HW 798,50,50000,5000
HW 799,50,50000,5000
HW 800,50,50000,5000
HW 801,50,50000,5000
HW 802,50,50000,5000
HW 803,50,50000,5000
HW 804,50,50000,5000
HW 805,50,50000,5000
HW 806,50,50000,5000
HW 807,50,50000,5000
HW 808,50,50000,5000
HW 809,50,50000,5000
HW 810,50,50000,5000
HW 811,50,50000,5000
HW 812,50,50000,5000
HW 813,50,50000,5000
HW 814,50,50000,5000
HW 815,50,50000,5000
HW 816,50,50000,5000
HW 817,50,50000,5000
HW 818,50,50000,5000
HW 819,50,50000,5000
HW 820,50,50000,5000
HW 821,50,50000,5000
HW 822,50,50000,5000
HW 823,50,50000,5000
HW 824,50,50000,5000
HW 825,50,50000,5000
HW 826,50,50000,5000
HW 827,50,50000,5000
HW 828,50,50000,5000
HW 829,50,50000,5000
HW 830,50,50000,5000
HW 831,50,50000,5000
HW 832,50,50000,5000
HW 833,50,50000,5000
HW 834,50,50000,5000
HW 835,50,50000,5000
HW 836,50,50000,5000
HW 837,50,50000,5000
HW 838,50,50000,5000
HW 839,50,50000,5000
HW 840,50,50000,5000
HW 841,50,50000,5000
HW 842,50,50000,5000
HW 843,50,50000,5000
HW 844,50,50000,5000
HW 845,50,50000,5000
HW 846,50,50000,5000
HW 847,50,50000,5000
HW 848,50,50000,5000
HW 849,50,50000,5000
HW 850,50,50000,5000
HW 851,50,50000,5000
HW 852,50,50000,5000
HW 853,50,50000,5000
HW 854,50,50000,5000
HW 855,50,50000,5000
HW 856,50,50000,5000
HW 857,50,50000,5000
HW 858,50,50000,5000
HW 859,50,50000,5000
HW 860,50,50000,5000
HW 861,50,50000,5000
HW 862,50,50000,5000
HW 863,50,50000,5000
HW 864,50,50000,5000
HW 865,50,50000,5000
HW 866,50,50000,5000
HW 867,50,50000,5000
HW 868,50,50000,5000
HW 869,50,50000,5000
HW 870,50,50000,5000
HW 871,50,50000,5000
HW 872,50,50000,5000
HW 873,50,50000,5000
HW 874,50,50000,5000
HW 875,50,50000,5000
HW 876,50,50000,5000
HW 877,50,50000,5000
HW 878,50,50000,5000
HW 879,50,50000,5000
HW 880,50,50000,5000
HW 881,50,50000,5000
HW 882,50,50000,5000
HW 883,50,50000,5000
HW 884,50,50000,5000
HW 885,50,50000,5000
HW 886,50,50000,5000
HW 887,50,50000,5000
HW 888,50,50000,5000
HW 889,50,50000,5000
HW 890,50,50000,5000
HW 891,50,50000,5000
HW 892,50,50000,5000
HW 893,50,50000,5000
HW 894,50,50000,5000
HW 895,50,50000,5000
HW 896,50,50000,5000
HW 897,50,50000,5000
HW 898,50,50000,5000
HW 899,50,50000,5000
HW 900,50,50000,5000
HW 901,50,50000,5000
HW 902,50,50000,5000
HW 903,50,50000,5000
HW 904,50,50000,5000
HW 905,50,50000,5000
HW 906,50,50000,5000
HW 907,50,50000,5000
HW 908,50,50000,5000
HW 909,50,50000,5000
HW 910,50,50000,5000
HW 911,50,50000,5000
HW 912,50,50000,5000
HW 913,50,50000,5000
HW 914,50,50000,5000
HW 915,50,50000,5000
HW 916,50,50000,5000
HW 917,50,50000,5000
HW 918,50,50000,5000
HW 919,50,50000,5000
HW 920,50,50000,5000
HW 921,50,50000,5000
HW 922,50,50000,5000
HW 923,50,50000,5000
HW 924,50,50000,5000
HW 925,50,50000,5000
HW 926,50,50000,5000
HW 927,50,50000,5000
HW 928,50,50000,5000
HW 929,50,50000,5000
HW 930,50,50000,5000
HW 931,50,50000,5000
HW 932,50,50000,5000
HW 933,50,50000,5000
HW 934,50,50000,5000
HW 935,50,50000,5000
HW 936,50,50000,5000
HW 937,50,50000,5000
HW 938,50,50000,5000
HW 939,50,50000,5000
HW 940,50,50000,5000
HW 941,50,50000,5000
HW 942,50,50000,5000
HW 943,50,50000,5000
HW 944,50,50000,5000
HW 945,50,50000,5000
HW 946,50,50000,5000
HW 947,50,50000,5000
HW 948,50,50000,5000
HW 949,50,50000,5000
HW 950,50,50000,5000
HW 951,50,50000,5000
HW 952,50,50000,5000
HW 953,50,50000,5000
HW 954,50,50000,5000
HW 955,50,50000,5000
HW 956,50,50000,5000
HW 957,50,50000,5000
HW 958,50,50000,5000
HW 959,50,50000,5000
HW 960,50,50000,5000
HW 961,50,50000,5000
HW 962,50,50000,5000
HW 963,50,50000,5000
HW 964,50,50000,5000
HW 965,50,50000,5000
HW 966,50,50000,5000
HW 967,50,50000,5000
HW 968,50,50000,5000
HW 969,50,50000,5000
HW 970,50,50000,5000
HW 971,50,50000,5000
HW 972,50,50000,5000
HW 973,50,50000,5000
HW 974,50,50000,5000
HW 975,50,50000,5000
HW 976,50,50000,5000
HW 977,50,50000,5000
HW 978,50,50000,5000
HW 979,50,50000,5000
HW 980,50,50000,5000
HW 981,50,50000,5000
HW 982,50,50000,5000
HW 983,50,50000,5000
HW 984,50,50000,5000
HW 985,50,50000,5000
HW 986,50,50000,5000
HW 987,50,50000,5000
HW 988,50,50000,5000
HW 989,50,50000,5000
HW 990,50,50000,5000
HW 991,50,50000,5000
HW 992,50,50000,5000
HW 993,50,50000,5000
HW 994,50,50000,5000
HW 995,50,50000,5000
HW 996,50,50000,5000
HW 997,50,50000,5000
HW 998,50,50000,5000
HW 999,50,50000,5000
HW 1000,50,50000,5000
